time,amp_8k,amp16k,amp32k,amp64k,amp128k,phase8k,phase16k,phase32k,phase64k,phase128k
1488814567.720,0.071640,0.067281,0.055669,0.035938,0.014743,0.000,0.000,0.000,0.000,1.535
1488814573.116,0.071694,0.067711,0.053823,0.034341,0.014741,0.000,-0.785,1.107,1.107,1.539
